{
  "hash": "2f6e12d7",
  "configHash": "1ceee958",
  "lockfileHash": "72d69b24",
  "browserHash": "6e695067",
  "optimized": {
    "@angular/common": {
      "src": "../../../../../../node_modules/@angular/common/fesm2022/common.mjs",
      "file": "@angular_common.js",
      "fileHash": "d1e472e2",
      "needsInterop": false
    },
    "@angular/core": {
      "src": "../../../../../../node_modules/@angular/core/fesm2022/core.mjs",
      "file": "@angular_core.js",
      "fileHash": "6281dfe8",
      "needsInterop": false
    },
    "@angular/platform-browser": {
      "src": "../../../../../../node_modules/@angular/platform-browser/fesm2022/platform-browser.mjs",
      "file": "@angular_platform-browser.js",
      "fileHash": "a1741c64",
      "needsInterop": false
    },
    "@angular/router": {
      "src": "../../../../../../node_modules/@angular/router/fesm2022/router.mjs",
      "file": "@angular_router.js",
      "fileHash": "7485ff50",
      "needsInterop": false
    }
  },
  "chunks": {
    "chunk-CPEPQ27F": {
      "file": "chunk-CPEPQ27F.js"
    },
    "chunk-OZCRHMBY": {
      "file": "chunk-OZCRHMBY.js"
    },
    "chunk-UHEQVDSS": {
      "file": "chunk-UHEQVDSS.js"
    }
  }
}