{
  "hash": "8906c597",
  "configHash": "1d8e6971",
  "lockfileHash": "f5566bcc",
  "browserHash": "1a419473",
  "optimized": {
    "@angular/common/http": {
      "src": "../../../../../../node_modules/@angular/common/fesm2022/http.mjs",
      "file": "@angular_common_http.js",
      "fileHash": "0292bce9",
      "needsInterop": false
    },
    "@angular/core": {
      "src": "../../../../../../node_modules/@angular/core/fesm2022/core.mjs",
      "file": "@angular_core.js",
      "fileHash": "eea4c8fe",
      "needsInterop": false
    },
    "@angular/platform-browser": {
      "src": "../../../../../../node_modules/@angular/platform-browser/fesm2022/platform-browser.mjs",
      "file": "@angular_platform-browser.js",
      "fileHash": "0350e6fa",
      "needsInterop": false
    },
    "@angular/router": {
      "src": "../../../../../../node_modules/@angular/router/fesm2022/router.mjs",
      "file": "@angular_router.js",
      "fileHash": "48a2dd53",
      "needsInterop": false
    },
    "@angular/common": {
      "src": "../../../../../../node_modules/@angular/common/fesm2022/common.mjs",
      "file": "@angular_common.js",
      "fileHash": "ef9c7a0e",
      "needsInterop": false
    },
    "@angular/forms": {
      "src": "../../../../../../node_modules/@angular/forms/fesm2022/forms.mjs",
      "file": "@angular_forms.js",
      "fileHash": "6380a551",
      "needsInterop": false
    }
  },
  "chunks": {
    "chunk-G4EZV62O": {
      "file": "chunk-G4EZV62O.js"
    },
    "chunk-YHLJATRA": {
      "file": "chunk-YHLJATRA.js"
    },
    "chunk-HI5LYNPZ": {
      "file": "chunk-HI5LYNPZ.js"
    },
    "chunk-4LNBP2NR": {
      "file": "chunk-4LNBP2NR.js"
    },
    "chunk-N6SXN66H": {
      "file": "chunk-N6SXN66H.js"
    }
  }
}